diet_group,mean_ghgs,sd_ghgs,mean_land,sd_land,mean_watscar,sd_watscar,mean_eut,sd_eut,mean_ghgs_ch4,sd_ghgs_ch4,mean_ghgs_n2o,sd_ghgs_n2o,mean_bio,sd_bio,mean_watuse,sd_watuse,mean_acid,sd_acid
fish,5.452488592,3.172702001,7.319217659,4.65453332,19709.24385,12961.99068,23.06593219,13.24517663,0.916255299,0.668334951,0.359164772,0.225052433,274.8575051,219.1102704,845.5949529,580.8467724,25.51553967,14.47747376
meat,7.937179337,3.834376477,13.69223277,8.2126249,20485.83698,11628.61613,31.9518599,14.61171447,1.579329939,0.85934133,0.563690046,0.285066078,339.6179119,235.712038,914.7691924,532.9907532,35.72588374,16.00287407
meat100,13.624876,6.791905924,28.55803049,17.8542196,27061.57159,13873.72889,50.67596294,23.8465181,2.910918954,1.578451598,0.998757749,0.504530932,507.3462246,316.2411131,1172.172206,632.0603225,55.79851725,24.61354735
meat50,5.766550344,3.071257992,8.607968831,5.036749703,17878.29711,11490.49472,23.97464528,12.48237541,1.083653621,0.668154091,0.394361497,0.225678389,274.592299,213.6095428,782.3290006,519.3267964,27.01685981,14.03926949
vegan,2.551044627,1.735265998,4.433824902,3.113529433,15083.83533,12837.50066,11.20276786,8.140234075,0.148856223,0.197214026,0.21400349,0.16106772,122.0118466,109.6371914,443.4011565,363.9868733,11.28131132,8.072363229
veggie,4.758030222,2.882222768,6.921813614,4.36509875,17347.13903,12168.56376,18.821007,10.90092428,0.823429771,0.647719019,0.320958226,0.210808151,267.572713,225.8828421,600.4377756,404.4161063,22.77060883,13.69344831
